id,subject,from,body,intent,is_human,headers
sa-01308.18d641ec475649b1a8ea5ba7292b3e05,blogged item,nobody@dogma.slashnull.org,"BlogStart: 

**Dublin**: something from the archives.    Daev Walsh forwards an article from
The Irish Digest about ''Billy in the Bowl''.  This story is also immortalised
in an old Dublin song, which in turn was mentioned in a Pogues track.  Billy
was a legless beggar in the alleys of Stoneybatter and Grangegorman (where I
now live) during the 18th century, who discovered a new, but not entirely
legal, way to make money.

BlogEnd: 
LinkText: Billy in the Bowl

From:         daev <hellshaw@fringeware.com>
Subject:      The Case of the Stoneybatter Strangler

A story of my new neighbourhood...


The Irish Digest July 1964


The Case of the Stoneybatter Strangler

The handsome, deformed Billy in the Bowl evolved a plan to rob his donors.
Then, one night, he made the biggest mistake of his life 

DUBLIN in the eighteenth century was noted for two things - the
architectural beauty of its public buildings and the large number of
beggars who sought alms in its maze of streets and lanes.  Many of these
beggars relied on visitors and the gentry for their coin, but there was one
who campaigned among the working class.  This was ""Billy In The Bowl""

The strange appellation was derived from the fact that Billy's sole means
of transport was a large bowl-shaped car with wheels.  Seated in this ""
bowl "", the beggar would propel himself along by pushing against the ground
with wooden plugs, one in each hand.

Billy's unusual means of conveyance was vitally necessary, as he had been
born without legs.  Nature, however, had compensated for this by endowing
him with powerful arms and shoulders and, what was most important, an
unusually handsome face.

This was Billy's greatest asset in his daily routine of separating
sympathetic passers-by from their small change.

The cunning young beggar would wait at a convenient spot on one of the many
lonely roads or lanes which were a feature of eighteenth century
Grangegorman and Stoneybatter, until a servant girl or an old lady would
come along.

He would then put on is most attractive smile which, together with his
black curly hair, never failed to halt the females.  The fact that such a
handsome young man was so terribly handicapped physically always evoked pity.

""Billy in the Bowl"", however, wasn't satisfied with becoming the daily
owner of a generous number of small coins; what his greed demanded were
substantial sums of money.  The more he managed to get the more he could
indulge in his pet vices - gambling and drinking.

As a result the beggar evolved a plan to rob unsuspecting sympathisers.
The first time lie put his plan into operation was on a cold March evening
as dusk, was falling.  The victim was a middle aged woman who was passing
through Grangegorman Lane on her way to visit friends in Queen Street - on
Dublin's North Quays.

When Billy heard the woman's footsteps, he hid behind some bushes in a
ditch which skirted the lane.  As his unsuspecting victim drew close, the
beggar moaned and shouted, and cried out for help.

Trembling with excitement, the woman dashed to the spot where Billy lay
concealed.  She bent down to help the beggar out of the ditch, when two
powerful arms closed around her throat and pulled her into the bushes.

In a few minutes it was all over.  The woman lay in a dead faint, and Billy
was travelling at a fast rate down the lane in his "" bowl "", his victirn's
purse snug in his coat pocket.  An hour after the robbery the woman was
found in a distracted condition, but failed to give a description of her
assailant.  And, as ""Billy in the Bowl"" had figured, nobody would suspect a
deformed beggar.

Again and again the beggar carried out his robbery plan, always shifting
the place of attack to a different part of Grangegorman or  Stoneybatter.

On one occasion "" Billy in ""the Bowl "" tried his tactics on a sturdy
servant girl who put up such a vigorous resistance that he was forced to
strangle her.  The incident became known as the 11 Grangegorman Lane Murder
and caused a gre",bounce,false,"return-path: <nobody@dogma.slashnull.org>
delivered-to: yyyy@localhost.netnoteinc.com
received: from localhost (localhost [127.0.0.1])	by phobos.labs.netnoteinc.com (postfix) with esmtp id d1c5843f99	for <jm@localhost>; fri, 23 aug 2002 07:20:27 -0400 (edt)
received: from phobos [127.0.0.1]	by localhost with imap (fetchmail-5.9.0)	for jm@localhost (single-drop); fri, 23 aug 2002 12:20:27 +0100 (ist)
received: (from mail@localhost) by dogma.slashnull.org (8.11.6/8.11.6) id    g7nb9oq21542; fri, 23 aug 2002 12:09:50 +0100
date: fri, 23 aug 2002 12:09:50 +0100
message-id: <200208231109.g7nb9oq21542@dogma.slashnull.org>
from: nobody@dogma.slashnull.org
subject: blogged item
to: yyyy+blogged@spamassassin.taint.org"
sa-01436.dc449ba377210e77d84647619e49c872,WARNING. Mail Delayed: Re: [SAtalk] [OT] Perl problem and 2.40    released,MAILER-DAEMON@mx1.yipes.com,"This is a warning message only.
  Your message remains in the server queue,
  the server will try to send it again.
  You should not try to resend your message now.

Message delivery to 'casimir@tgsnopec.com' delayed
SMTP module(domain tgsnopec.com) reports:
 relay.tgsnopec.com: no response

",bounce,false,"return-path: <spamassassin-talk-owner@example.sourceforge.net>
delivered-to: yyyy@localhost.spamassassin.taint.org
received: from localhost (jalapeno [127.0.0.1])	by jmason.org (postfix) with esmtp id ce8a116f1e	for <jm@localhost>; thu,  5 sep 2002 12:50:48 +0100 (ist)
received: from jalapeno [127.0.0.1]	by localhost with imap (fetchmail-5.9.0)	for jm@localhost (single-drop); thu, 05 sep 2002 12:50:48 +0100 (ist)
received: from usw-sf-list2.sourceforge.net (usw-sf-fw2.sourceforge.net    [216.136.171.252]) by dogma.slashnull.org (8.11.6/8.11.6) with esmtp id    g85bcmz17201 for <jm-sa-listinfo@jmason.org>; thu, 5 sep 2002 12:38:48    +0100
received: from usw-sf-list1-b.sourceforge.net ([10.3.1.13]    helo=usw-sf-list1.sourceforge.net) by usw-sf-list2.sourceforge.net with    esmtp (exim 3.31-va-mm2 #1 (debian)) id 17muya-0002uv-00 for    <jm-sa-listinfo@jmason.org>; thu, 05 sep 2002 04:39:08 -0700
received: from mx1.yipes.com ([209.213.199.100]) by    usw-sf-list1.sourceforge.net with esmtp (exim 3.31-va-mm2 #1 (debian)) id    17muyg-0002wo-00 for <spamassassin-talk-admin@lists.sourceforge.net>;    thu, 05 sep 2002 04:38:48 -0700
subject: warning. mail delayed: re: [satalk] [ot] perl problem and 2.40    released
from: mailer-daemon@mx1.yipes.com
to: spamassassin-talk-admin@example.sourceforge.net
date: thu, 05 sep 2002 04:38:48 -0700
message-id: <receipt-6628399@mx1.yipes.com>
mime-version: 1.0
content-type: multipart/report; report-type=""delivery-status""; boundary=""_===6628399====mx1.yipes.com===_""
sender: spamassassin-talk-owner@example.sourceforge.net
errors-to: spamassassin-talk-owner@example.sourceforge.net
x-beenthere: spamassassin-talk@example.sourceforge.net
x-mailman-version: 2.0.9-sf.net
precedence: bulk
list-help: <mailto:spamassassin-talk-request@example.sourceforge.net?subject=help>
list-post: <mailto:spamassassin-talk@example.sourceforge.net>
list-subscribe: <https://example.sourceforge.net/lists/listinfo/spamassassin-talk>,    <mailto:spamassassin-talk-"
sa-01507.e06cf7fcfb3a512f43c827529c19a9e6,"Returned mail: [SACVS] CVS: spamassassin/masses craig-evolve.c.ALTIVEC,NONE,1.1    craig-evolve.c,1.8,1.9",MAILER-DAEMON@prodigy.net,"Unable to find user: <matt_relay@sbcglobal.net>
Please make sure the address is correct and resend your mail.




",bounce,false,"return-path: <spamassassin-commits-admin@example.sourceforge.net>
delivered-to: yyyy@localhost.spamassassin.taint.org
received: from localhost (jalapeno [127.0.0.1])	by jmason.org (postfix) with esmtp id 5868216f16	for <jm@localhost>; thu, 26 sep 2002 20:43:38 +0100 (ist)
received: from jalapeno [127.0.0.1]	by localhost with imap (fetchmail-5.9.0)	for jm@localhost (single-drop); thu, 26 sep 2002 20:43:38 +0100 (ist)
received: from usw-sf-list1.sourceforge.net (usw-sf-fw2.sourceforge.net    [216.136.171.252]) by dogma.slashnull.org (8.11.6/8.11.6) with esmtp id    g8qivsg01698 for <jm@jmason.org>; thu, 26 sep 2002 19:57:29 +0100
received: from usw-sf-list2-b.sourceforge.net ([10.3.1.14]    helo=usw-sf-list2.sourceforge.net) by usw-sf-list1.sourceforge.net with    esmtp (cipher tlsv1:des-cbc3-sha:168) (exim 3.31-va-mm2 #1 (debian)) id    17udpr-0003gn-00 for <jmason@users.sourceforge.net>; thu, 26 sep 2002    11:58:03 -0700
received: from usw-sf-list1-b.sourceforge.net ([10.3.1.13]    helo=usw-sf-list1.sourceforge.net) by usw-sf-list2.sourceforge.net with    esmtp (exim 3.31-va-mm2 #1 (debian)) id 17udpt-0007w1-00 for    <jmason@users.sourceforge.net>; thu, 26 sep 2002 11:58:05 -0700
received: from bouncemail1.prodigy.net ([207.115.63.83]) by    usw-sf-list1.sourceforge.net with esmtp (exim 3.31-va-mm2 #1 (debian)) id    17udp0-0003ax-00 for <spamassassin-commits-admin@lists.sourceforge.net>;    thu, 26 sep 2002 11:57:10 -0700
received: from vma-ext.prodigy.net (vma-int.prodigy.net [192.168.241.86])    by bouncemail1.prodigy.net (8.11.6/8.11.6) with esmtp id g8qhueo23558 for    <spamassassin-commits-admin@lists.sourceforge.net>; thu, 26 sep 2002    13:30:40 -0400
received: (from root@localhost) by vma-ext.prodigy.net (8.12.3 da nor    stuldap/8.12.3) id g8qhuett304894 for    spamassassin-commits-admin@lists.sourceforge.net; thu, 26 sep 2002    13:30:40 -0400
from: mailer-daemon@prodigy.net
message-id: <200209261730.g8qhuett304894@vma-ext.prodigy.net>
date: thu, 26 sep"
sa-00172.872f136246d263a0a84b926277d26262,blogged item,nobody@dogma.slashnull.org,"
BlogStart: 

**Cypherpunks**: Tax havens and offshore islands are not quite as ''free''
-- at least in terms of personal liberties -- as people might think.  R.
A. Hettinga tells some stories about ''Triumph, the Fabulous
Crotch-Sniffing Caymanian Customs Wonder Dog, ... and (the Cayman-born
expat's kid) who was literally exiled from the island when the island
constabulary ""discovered"" a marijuana seed or three in his summer-break
rental car a few years back.''

I guess it's back to the oil rigs then ;)

BlogEnd: 
LinkText: tells some stories

------- Forwarded Message

Date:    Sun, 11 Aug 2002 12:31:56 -0400
From:    ""R. A. Hettinga"" <rah@shipwright.com>


-----BEGIN PGP SIGNED MESSAGE-----
Hash: SHA1

At 3:36 PM +1000 8/11/02, David Hillary wrote:
> I think that tax havens such as the Cayman Islands should be ranked
> among the freest in the world. No taxes on business or individuals
> for a start. Great environment for banking and commerce. Good
> protection of property rights. Small non-interventionist
> government.

Clearly you've never met ""Triumph"", the Fabulous Crotch-Sniffing
Caymanian Customs Wonder Dog at extreme close range, or heard the
story about the expat's college age kid, actually born on Cayman, who
was literally exiled from the island when the island constabulary
""discovered"" a marijuana seed or three in his summer-break rental car
a few years back.

I mean, his old man was some senior cheese at Global Crossing at the
time, but this was back when they could do no wrong. If that's what
they did to *his* kid, imagine what some poor former
junk-bond-hustler might have to deal with someday for, say, the odd
unauthorized Cuban nightlife excursion. A discretely folded twenty
keeps the stamp off your passport on the ground in Havana, and a
bottle of Maker's Mark goes a long way towards some interesting
nocturnal diversion when you get there and all, but still, you can't
help thinking that Uncle's going to come a-knockin', and that Cayman
van's going to stop rockin' some day, and when it does, it ain't
gonna be pretty.


Closer to home, conceptually at least, a couple of cryptogeeken were
hustled off and strip-searched, on the spot, when they landed on
Grand Cayman for the Financial Cryptography conference there a couple
of years ago. Like lots of cypherpunks, these guys were active
shooters in the Bay Area, and they had stopped in Jamaica, Mon, for a
few days on the way to Grand Cayman. Because they, and their stuff,
reeked on both counts, they were given complementary colorectal
examinations and an entertaining game of 20 questions, or two,
courtesy of the Caymanian Federales, after the obligatory fun and
games with a then-snarling Crotch-Sniffing Caymanian Wonder Dog.
Heck, I had to completely unpack *all* my stuff for a nice, well-fed
Caymanian customs lady just to get *out* of the country when I left.


Besides, tax havens are being increasingly constrained as to their
activities these days, because they cost the larger nation-states too
much in the way of ""escaped"" ""revenue"", or at least the perception of
same in the local ""free"" press. Obviously, if your money ""there""
isn't exchangeable into your money ""here"", it kind of defeats the
purpose of keeping your money ""there"" in the first place, giving
folks like FinCEN lots of leverage when financial treaties come up
for renegotiation due to changes in technology, like on-line
credit-card and securities clearing, or the odd governmental or
quango re-org, like they are wont to do increasingly in the EU, and
the US.

As a result, the veil of secrecy went in Switzerland quite a while
ago. The recent holocaust deposit thing was just the bride and groom
on that particular wedding-cake, and, as goes Switzerland, so goes
Luxembourg, and of course Lichtenstein, which itself is usually
accessible only through Switzerland. Finally, of course, the Caymans
themselves will cough up depositor lists whenever Uncle comes calling
about one thing or another on an increasingly lo",bounce,false,"return-path: <mail@dogma.slashnull.org>
delivered-to: zzz@localhost.netnoteinc.com
received: from localhost (localhost [127.0.0.1])	by phobos.labs.netnoteinc.com (postfix) with esmtp id 83b84440de	for <zzz@localhost>; mon, 12 aug 2002 06:26:55 -0400 (edt)
received: from phobos [127.0.0.1]	by localhost with imap (fetchmail-5.9.0)	for zzz@localhost (single-drop); mon, 12 aug 2002 11:26:55 +0100 (ist)
received: (from mail@localhost) by dogma.slashnull.org (8.11.6/8.11.6) id    g7car2e07668; mon, 12 aug 2002 11:27:02 +0100
date: mon, 12 aug 2002 11:27:02 +0100
message-id: <200208121027.g7car2e07668@dogma.slashnull.org>
from: nobody@dogma.slashnull.org
subject: blogged item
to: zzz+blogged@spamassassin.taint.org"
